Koli_KOD,Beden_No,Koli_ADET,DBName
0003,1,0.000000,TANCA
0003,2,1.000000,TANCA
0003,3,2.000000,TANCA
0003,4,2.000000,TANCA
0003,5,2.000000,TANCA
0003,6,1.000000,TANCA
0003,7,1.000000,TANCA
0003,8,0.000000,TANCA
0003,9,0.000000,TANCA
0003,58,0.000000,TANCA
0003,81,0.000000,TANCA
0003,196,0.000000,TANCA
0003,635,0.000000,TANCA
