FisNo,FisHarinx,ParaCinsi,LineType,Fiyat,Tutar,MasrafTutar,iskTutar,StopajTutar,OTVMatrah,OTVTutar,KDVMatrah,KDVTutar,TevkifatTutar,NetTutar
3,3,EU,S,0.000000,0.000000,0.000000,0.000000,0.000000,0.000000,0.000000,0.000000,0.000000,0.000000,0.000000
3,3,TL,S,0.000000,0.000000,0.000000,0.000000,0.000000,0.000000,0.000000,0.000000,0.000000,0.000000,0.000000
3,3,US,S,25.000000,200.000000,0.000000,0.000000,0.000000,200.000000,0.000000,200.000000,0.000000,0.000000,200.000000
