FisNo,FisHarinx,ParaCinsi,LineType,Fiyat,Tutar,MasrafTutar,iskTutar,StopajTutar,OTVMatrah,OTVTutar,KDVMatrah,KDVTutar,TevkifatTutar,NetTutar
2,2,EU,S,0.000000,0.000000,0.000000,0.000000,0.000000,0.000000,0.000000,0.000000,0.000000,0.000000,0.000000
2,2,TL,S,0.000000,0.000000,0.000000,0.000000,0.000000,0.000000,0.000000,0.000000,0.000000,0.000000,0.000000
2,2,US,S,5860.000000,5860.000000,0.000000,0.000000,0.000000,5860.000000,0.000000,5860.000000,0.000000,0.000000,5860.000000
