Harinx,SipNo,Oran,Tutar,iskPC,kgid,insUN,insDT,insApp,updUN,updDT,updApp
3,89,,279.9900000000,TL,3,,,,,,
10,176,35.0000000000,,TL,10,,,,,,
11,177,35.0000000000,,TL,11,,,,,,
12,180,35.0000000000,,TL,12,,,,,,
13,181,35.0000000000,,TL,13,,,,,,
23,597,35.0000000000,,TL,23,,,,,,
25,885,35.0000000000,,TL,25,,,,,,
26,963,35.0000000000,,TL,26,,,,,,
28,1658,35.0000000000,,EU,28,,,,,,
