inx,Minx,PerTip,Hedef,Prim,kgid,insUN,insDT,insApp,updUN,updDT,updApp
11,1,1,20.000000,0.000000,11,,,,,,
12,1,2,20.000000,0.000000,12,,,,,,
13,1,1,40.000000,0.000000,13,,,,,,
14,1,2,40.000000,0.000000,14,,,,,,
15,1,1,60.000000,0.000000,15,,,,,,
16,1,2,60.000000,0.000000,16,,,,,,
17,1,1,80.000000,0.000000,17,,,,,,
18,1,2,80.000000,0.000000,18,,,,,,
19,1,1,100.000000,0.000000,19,,,,,,
20,1,2,100.000000,0.000000,20,,,,,,
