Modul,FisTip,FisNo,FisHarinx,SKod,RKod,Asorti,Miktar
S,0,1,1,086 8745,4405,0001,1.000000
S,0,12,27,418 T 10160,8367,1328,1.000000
