BelgeNo,DovKod,CDovKod,carpan
15,US,TL,7.86468905926
215,US,TL,7.00408997955
1072,US,TL,8.69206814434
1240,US,TL,8.5
1581,US,TL,8.4631
4372,US,TL,17.95
4588,US,TL,18.1775
4801,US,TL,18.5119
5001,US,TL,18.6209
5037,US,TL,18.59
5306,US,TL,18.6479
5561,US,TL,18.7812
