Harinx,FatNo,Oran,Tutar,Tip,iskPC
877,990835,,46.000000,A,US
878,1030224,5.0000,,A,US
879,1030559,5.0000,,A,US
880,1030739,5.0000,,A,US
881,1031655,5.0000,,A,US
882,1032976,5.0000,,A,US
883,1036043,5.0000,,A,US
884,1040323,5.0000,,A,US
885,1044145,,1.000000,A,US
